BIN_INDEX, BIN_FROM, BIN_TO, INTERPOLATION, INTERVAL_TYPE
1,  0.000, 0.100, 0.050, 1202
2,  0.100, 0.200, 0.150, 1202
3,  0.200, 0.300, 0.250, 1202
4,  0.300, 0.400, 0.350, 1202
5,  0.400, 0.500, 0.450, 1202
6,  0.500, 0.600, 0.550, 1202
7,  0.600, 0.700, 0.650, 1202
8,  0.700, 0.800, 0.750, 1202
9,  0.800, 0.900, 0.850, 1202
10,  0.900, 1.000, 0.950, 1202
11,  1.000, 1.100, 1.050, 1202
12,  1.100, 1.200, 1.150, 1202
13,  1.200, 1.300, 1.250, 1202
14,  1.300, 1.400, 1.350, 1202
15,  1.400, 1.500, 1.450, 1202
16,  1.500, 1.600, 1.550, 1202
17,  1.600, 1.700, 1.650, 1202
18,  1.700, 1.800, 1.750, 1202
19,  1.800, 1.900, 1.850, 1202
20,  1.900, 2.000, 1.950, 1202
21,  2.000, 2.100, 2.050, 1202
22,  2.100, 2.200, 2.150, 1202
23,  2.200, 2.300, 2.250, 1202
24,  2.300, 2.400, 2.350, 1202
25,  2.400, 2.500, 2.450, 1202
26,  2.500, 2.600, 2.550, 1202
27,  2.600, 2.700, 2.650, 1202
28,  2.700, 2.800, 2.750, 1202
29,  2.800, 2.900, 2.850, 1202
30,  2.900, 3.000, 2.950, 1202
31,  3.000, 3.100, 3.050, 1202
32,  3.100, 3.200, 3.150, 1202
33,  3.200, 3.300, 3.250, 1202
34,  3.300, 3.400, 3.350, 1202
35,  3.400, 3.500, 3.450, 1202
36,  3.500, 3.600, 3.550, 1202
37,  3.600, 3.700, 3.650, 1202
38,  3.700, 3.800, 3.750, 1202
39,  3.800, 3.900, 3.850, 1202
40,  3.900, 4.000, 3.950, 1202
41,  4.000, 4.100, 4.050, 1202
42,  4.100, 4.200, 4.150, 1202
43,  4.200, 4.300, 4.250, 1202
44,  4.300, 4.400, 4.350, 1202
45,  4.400, 4.500, 4.450, 1202
46,  4.500, 4.600, 4.550, 1202
47,  4.600, 4.700, 4.650, 1202
48,  4.700, 4.800, 4.750, 1202
49,  4.800, 4.900, 4.850, 1202
50,  4.900, 5.000, 4.950, 1202
51,  5.000, 5.100, 5.050, 1202
52,  5.100, 5.200, 5.150, 1202
53,  5.200, 5.300, 5.250, 1202
54,  5.300, 5.400, 5.350, 1202
55,  5.400, 5.500, 5.450, 1202
56,  5.500, 5.600, 5.550, 1202
57,  5.600, 5.700, 5.650, 1202
58,  5.700, 5.800, 5.750, 1202
59,  5.800, 5.900, 5.850, 1202
60,  5.900, 6.000, 5.950, 1202
61,  6.000, 6.100, 6.050, 1202
62,  6.100, 6.200, 6.150, 1202
63,  6.200, 6.300, 6.250, 1202
64,  6.300, 6.400, 6.350, 1202
65,  6.400, 6.500, 6.450, 1202
66,  6.500, 6.600, 6.550, 1202
67,  6.600, 6.700, 6.650, 1202
68,  6.700, 6.800, 6.750, 1202
69,  6.800, 6.900, 6.850, 1202
70,  6.900, 7.000, 6.950, 1202
71,  7.000, 7.100, 7.050, 1202
72,  7.100, 7.200, 7.150, 1202
73,  7.200, 7.300, 7.250, 1202
74,  7.300, 7.400, 7.350, 1202
75,  7.400, 7.500, 7.450, 1202
76,  7.500, 7.600, 7.550, 1202
77,  7.600, 7.700, 7.650, 1202
78,  7.700, 7.800, 7.750, 1202
79,  7.800, 7.900, 7.850, 1202
80,  7.900, 8.000, 7.950, 1202
81,  8.000, 8.100, 8.050, 1202
82,  8.100, 8.200, 8.150, 1202
83,  8.200, 8.300, 8.250, 1202
84,  8.300, 8.400, 8.350, 1202
85,  8.400, 8.500, 8.450, 1202
86,  8.500, 8.600, 8.550, 1202
87,  8.600, 8.700, 8.650, 1202
88,  8.700, 8.800, 8.750, 1202
89,  8.800, 8.900, 8.850, 1202
90,  8.900, 9.000, 8.950, 1202
91,  9.000, 9.100, 9.050, 1202
92,  9.100, 9.200, 9.150, 1202
93,  9.200, 9.300, 9.250, 1202
94,  9.300, 9.400, 9.350, 1202
95,  9.400, 9.500, 9.450, 1202
96,  9.500, 9.600, 9.550, 1202
97,  9.600, 9.700, 9.650, 1202
98,  9.700, 9.800, 9.750, 1202
99,  9.800, 9.900, 9.850, 1202
100,  9.900, 10.000, 9.950, 1202
101,  10.000, 10.100, 10.050, 1202
102,  10.100, 10.200, 10.150, 1202
103,  10.200, 10.300, 10.250, 1202
104,  10.300, 10.400, 10.350, 1202
105,  10.400, 10.500, 10.450, 1202
106,  10.500, 10.600, 10.550, 1202
107,  10.600, 10.700, 10.650, 1202
108,  10.700, 10.800, 10.750, 1202
109,  10.800, 10.900, 10.850, 1202
110,  10.900, 11.000, 10.950, 1202
111,  11.000, 11.100, 11.050, 1202
112,  11.100, 11.200, 11.150, 1202
113,  11.200, 11.300, 11.250, 1202
114,  11.300, 11.400, 11.350, 1202
115,  11.400, 11.500, 11.450, 1202
116,  11.500, 11.600, 11.550, 1202
117,  11.600, 11.700, 11.650, 1202
118,  11.700, 11.800, 11.750, 1202
119,  11.800, 11.900, 11.850, 1202
120,  11.900, 12.000, 11.950, 1202
121,  12.000, 12.100, 12.050, 1202
122,  12.100, 12.200, 12.150, 1202
123,  12.200, 12.300, 12.250, 1202
124,  12.300, 12.400, 12.350, 1202
125,  12.400, 12.500, 12.450, 1202
126,  12.500, 12.600, 12.550, 1202
127,  12.600, 12.700, 12.650, 1202
128,  12.700, 12.800, 12.750, 1202
129,  12.800, 12.900, 12.850, 1202
130,  12.900, 13.000, 12.950, 1202
131,  13.000, 13.100, 13.050, 1202
132,  13.100, 13.200, 13.150, 1202
133,  13.200, 13.300, 13.250, 1202
134,  13.300, 13.400, 13.350, 1202
135,  13.400, 13.500, 13.450, 1202
136,  13.500, 13.600, 13.550, 1202
137,  13.600, 13.700, 13.650, 1202
138,  13.700, 13.800, 13.750, 1202
139,  13.800, 13.900, 13.850, 1202
140,  13.900, 14.000, 13.950, 1202
141,  14.000, 14.100, 14.050, 1202
142,  14.100, 14.200, 14.150, 1202
143,  14.200, 14.300, 14.250, 1202
144,  14.300, 14.400, 14.350, 1202
145,  14.400, 14.500, 14.450, 1202
146,  14.500, 14.600, 14.550, 1202
147,  14.600, 14.700, 14.650, 1202
148,  14.700, 14.800, 14.750, 1202
149,  14.800, 14.900, 14.850, 1202
150,  14.900, 15.000, 14.950, 1202
151,  15.000, 15.100, 15.050, 1202
152,  15.100, 15.200, 15.150, 1202
153,  15.200, 15.300, 15.250, 1202
154,  15.300, 15.400, 15.350, 1202
155,  15.400, 15.500, 15.450, 1202
156,  15.500, 15.600, 15.550, 1202
157,  15.600, 15.700, 15.650, 1202
158,  15.700, 15.800, 15.750, 1202
159,  15.800, 15.900, 15.850, 1202
160,  15.900, 16.000, 15.950, 1202
161,  16.000, 16.100, 16.050, 1202
162,  16.100, 16.200, 16.150, 1202
163,  16.200, 16.300, 16.250, 1202
164,  16.300, 16.400, 16.350, 1202
165,  16.400, 16.500, 16.450, 1202
166,  16.500, 16.600, 16.550, 1202
167,  16.600, 16.700, 16.650, 1202
168,  16.700, 16.800, 16.750, 1202
169,  16.800, 16.900, 16.850, 1202
170,  16.900, 17.000, 16.950, 1202
171,  17.000, 17.100, 17.050, 1202
172,  17.100, 17.200, 17.150, 1202
173,  17.200, 17.300, 17.250, 1202
174,  17.300, 17.400, 17.350, 1202
175,  17.400, 17.500, 17.450, 1202
176,  17.500, 17.600, 17.550, 1202
177,  17.600, 17.700, 17.650, 1202
178,  17.700, 17.800, 17.750, 1202
179,  17.800, 17.900, 17.850, 1202
180,  17.900, 18.000, 17.950, 1202
181,  18.000, 18.100, 18.050, 1202
182,  18.100, 18.200, 18.150, 1202
183,  18.200, 18.300, 18.250, 1202
184,  18.300, 18.400, 18.350, 1202
185,  18.400, 18.500, 18.450, 1202
186,  18.500, 18.600, 18.550, 1202
187,  18.600, 18.700, 18.650, 1202
188,  18.700, 18.800, 18.750, 1202
189,  18.800, 18.900, 18.850, 1202
190,  18.900, 19.000, 18.950, 1202
191,  19.000, 19.100, 19.050, 1202
192,  19.100, 19.200, 19.150, 1202
193,  19.200, 19.300, 19.250, 1202
194,  19.300, 19.400, 19.350, 1202
195,  19.400, 19.500, 19.450, 1202
196,  19.500, 19.600, 19.550, 1202
197,  19.600, 19.700, 19.650, 1202
198,  19.700, 19.800, 19.750, 1202
199,  19.800, 19.900, 19.850, 1202
200,  19.900, 20.000, 19.950, 1202
201,  20.000, 20.100, 20.050, 1202
202,  20.100, 20.200, 20.150, 1202
203,  20.200, 20.300, 20.250, 1202
204,  20.300, 20.400, 20.350, 1202
205,  20.400, 20.500, 20.450, 1202
206,  20.500, 20.600, 20.550, 1202
207,  20.600, 20.700, 20.650, 1202
208,  20.700, 20.800, 20.750, 1202
209,  20.800, 20.900, 20.850, 1202
210,  20.900, 21.000, 20.950, 1202
211,  21.000, 21.100, 21.050, 1202
212,  21.100, 21.200, 21.150, 1202
213,  21.200, 21.300, 21.250, 1202
214,  21.300, 21.400, 21.350, 1202
215,  21.400, 21.500, 21.450, 1202
216,  21.500, 21.600, 21.550, 1202
217,  21.600, 21.700, 21.650, 1202
218,  21.700, 21.800, 21.750, 1202
219,  21.800, 21.900, 21.850, 1202
220,  21.900, 22.000, 21.950, 1202
221,  22.000, 22.100, 22.050, 1202
222,  22.100, 22.200, 22.150, 1202
223,  22.200, 22.300, 22.250, 1202
224,  22.300, 22.400, 22.350, 1202
225,  22.400, 22.500, 22.450, 1202
226,  22.500, 22.600, 22.550, 1202
227,  22.600, 22.700, 22.650, 1202
228,  22.700, 22.800, 22.750, 1202
229,  22.800, 22.900, 22.850, 1202
230,  22.900, 23.000, 22.950, 1202
231,  23.000, 23.100, 23.050, 1202
232,  23.100, 23.200, 23.150, 1202
233,  23.200, 23.300, 23.250, 1202
234,  23.300, 23.400, 23.350, 1202
235,  23.400, 23.500, 23.450, 1202
236,  23.500, 23.600, 23.550, 1202
237,  23.600, 23.700, 23.650, 1202
238,  23.700, 23.800, 23.750, 1202
239,  23.800, 23.900, 23.850, 1202
240,  23.900, 24.000, 23.950, 1202
241,  24.000, 24.100, 24.050, 1202
242,  24.100, 24.200, 24.150, 1202
243,  24.200, 24.300, 24.250, 1202
244,  24.300, 24.400, 24.350, 1202
245,  24.400, 24.500, 24.450, 1202
246,  24.500, 24.600, 24.550, 1202
247,  24.600, 24.700, 24.650, 1202
248,  24.700, 24.800, 24.750, 1202
249,  24.800, 24.900, 24.850, 1202
250,  24.900, 25.000, 24.950, 1202
251,  25.000, 25.100, 25.050, 1202
252,  25.100, 25.200, 25.150, 1202
253,  25.200, 25.300, 25.250, 1202
254,  25.300, 25.400, 25.350, 1202
255,  25.400, 25.500, 25.450, 1202
256,  25.500, 25.600, 25.550, 1202
257,  25.600, 25.700, 25.650, 1202
258,  25.700, 25.800, 25.750, 1202
259,  25.800, 25.900, 25.850, 1202
260,  25.900, 26.000, 25.950, 1202
261,  26.000, 26.100, 26.050, 1202
262,  26.100, 26.200, 26.150, 1202
263,  26.200, 26.300, 26.250, 1202
264,  26.300, 26.400, 26.350, 1202
265,  26.400, 26.500, 26.450, 1202
266,  26.500, 26.600, 26.550, 1202
267,  26.600, 26.700, 26.650, 1202
268,  26.700, 26.800, 26.750, 1202
269,  26.800, 26.900, 26.850, 1202
270,  26.900, 27.000, 26.950, 1202
271,  27.000, 27.100, 27.050, 1202
272,  27.100, 27.200, 27.150, 1202
273,  27.200, 27.300, 27.250, 1202
274,  27.300, 27.400, 27.350, 1202
275,  27.400, 27.500, 27.450, 1202
276,  27.500, 27.600, 27.550, 1202
277,  27.600, 27.700, 27.650, 1202
278,  27.700, 27.800, 27.750, 1202
279,  27.800, 27.900, 27.850, 1202
280,  27.900, 28.000, 27.950, 1202
281,  28.000, 28.100, 28.050, 1202
282,  28.100, 28.200, 28.150, 1202
283,  28.200, 28.300, 28.250, 1202
284,  28.300, 28.400, 28.350, 1202
285,  28.400, 28.500, 28.450, 1202
286,  28.500, 28.600, 28.550, 1202
287,  28.600, 28.700, 28.650, 1202
288,  28.700, 28.800, 28.750, 1202
289,  28.800, 28.900, 28.850, 1202
290,  28.900, 29.000, 28.950, 1202
291,  29.000, 29.100, 29.050, 1202
292,  29.100, 29.200, 29.150, 1202
293,  29.200, 29.300, 29.250, 1202
294,  29.300, 29.400, 29.350, 1202
295,  29.400, 29.500, 29.450, 1202
296,  29.500, 29.600, 29.550, 1202
297,  29.600, 29.700, 29.650, 1202
298,  29.700, 29.800, 29.750, 1202
299,  29.800, 29.900, 29.850, 1202
300,  29.900, 30.000, 29.950, 1202
301,  30.000, 30.100, 30.050, 1202
302,  30.100, 30.200, 30.150, 1202
303,  30.200, 30.300, 30.250, 1202
304,  30.300, 30.400, 30.350, 1202
305,  30.400, 30.500, 30.450, 1202
306,  30.500, 30.600, 30.550, 1202
307,  30.600, 30.700, 30.650, 1202
308,  30.700, 30.800, 30.750, 1202
309,  30.800, 30.900, 30.850, 1202
310,  30.900, 31.000, 30.950, 1202
311,  31.000, 31.100, 31.050, 1202
312,  31.100, 31.200, 31.150, 1202
313,  31.200, 31.300, 31.250, 1202
314,  31.300, 31.400, 31.350, 1202
315,  31.400, 31.500, 31.450, 1202
316,  31.500, 31.600, 31.550, 1202
317,  31.600, 31.700, 31.650, 1202
318,  31.700, 31.800, 31.750, 1202
319,  31.800, 31.900, 31.850, 1202
320,  31.900, 32.000, 31.950, 1202
321,  32.000, 32.100, 32.050, 1202
322,  32.100, 32.200, 32.150, 1202
323,  32.200, 32.300, 32.250, 1202
324,  32.300, 32.400, 32.350, 1202
325,  32.400, 32.500, 32.450, 1202
326,  32.500, 32.600, 32.550, 1202
327,  32.600, 32.700, 32.650, 1202
328,  32.700, 32.800, 32.750, 1202
329,  32.800, 32.900, 32.850, 1202
330,  32.900, 33.000, 32.950, 1202
331,  33.000, 33.100, 33.050, 1202
332,  33.100, 33.200, 33.150, 1202
333,  33.200, 33.300, 33.250, 1202
334,  33.300, 33.400, 33.350, 1202
335,  33.400, 33.500, 33.450, 1202
336,  33.500, 33.600, 33.550, 1202
337,  33.600, 33.700, 33.650, 1202
338,  33.700, 33.800, 33.750, 1202
339,  33.800, 33.900, 33.850, 1202
340,  33.900, 34.000, 33.950, 1202
341,  34.000, 34.100, 34.050, 1202
342,  34.100, 34.200, 34.150, 1202
343,  34.200, 34.300, 34.250, 1202
344,  34.300, 34.400, 34.350, 1202
345,  34.400, 34.500, 34.450, 1202
346,  34.500, 34.600, 34.550, 1202
347,  34.600, 34.700, 34.650, 1202
348,  34.700, 34.800, 34.750, 1202
349,  34.800, 34.900, 34.850, 1202
350,  34.900, 35.000, 34.950, 1202
351,  35.000, 35.100, 35.050, 1202
352,  35.100, 35.200, 35.150, 1202
353,  35.200, 35.300, 35.250, 1202
354,  35.300, 35.400, 35.350, 1202
355,  35.400, 35.500, 35.450, 1202
356,  35.500, 35.600, 35.550, 1202
357,  35.600, 35.700, 35.650, 1202
358,  35.700, 35.800, 35.750, 1202
359,  35.800, 35.900, 35.850, 1202
360,  35.900, 36.000, 35.950, 1202
361,  36.000, 36.100, 36.050, 1202
362,  36.100, 36.200, 36.150, 1202
363,  36.200, 36.300, 36.250, 1202
364,  36.300, 36.400, 36.350, 1202
365,  36.400, 36.500, 36.450, 1202
366,  36.500, 36.600, 36.550, 1202
367,  36.600, 36.700, 36.650, 1202
368,  36.700, 36.800, 36.750, 1202
369,  36.800, 36.900, 36.850, 1202
370,  36.900, 37.000, 36.950, 1202
371,  37.000, 37.100, 37.050, 1202
372,  37.100, 37.200, 37.150, 1202
373,  37.200, 37.300, 37.250, 1202
374,  37.300, 37.400, 37.350, 1202
375,  37.400, 37.500, 37.450, 1202
376,  37.500, 37.600, 37.550, 1202
377,  37.600, 37.700, 37.650, 1202
378,  37.700, 37.800, 37.750, 1202
379,  37.800, 37.900, 37.850, 1202
380,  37.900, 38.000, 37.950, 1202
381,  38.000, 38.100, 38.050, 1202
382,  38.100, 38.200, 38.150, 1202
383,  38.200, 38.300, 38.250, 1202
384,  38.300, 38.400, 38.350, 1202
385,  38.400, 38.500, 38.450, 1202
386,  38.500, 38.600, 38.550, 1202
387,  38.600, 38.700, 38.650, 1202
388,  38.700, 38.800, 38.750, 1202
389,  38.800, 38.900, 38.850, 1202
390,  38.900, 39.000, 38.950, 1202
391,  39.000, 39.100, 39.050, 1202
392,  39.100, 39.200, 39.150, 1202
393,  39.200, 39.300, 39.250, 1202
394,  39.300, 39.400, 39.350, 1202
395,  39.400, 39.500, 39.450, 1202
396,  39.500, 39.600, 39.550, 1202
397,  39.600, 39.700, 39.650, 1202
398,  39.700, 39.800, 39.750, 1202
399,  39.800, 39.900, 39.850, 1202
400,  39.900, 40.000, 39.950, 1202
401,  40.000, 40.100, 40.050, 1202
402,  40.100, 40.200, 40.150, 1202
403,  40.200, 40.300, 40.250, 1202
404,  40.300, 40.400, 40.350, 1202
405,  40.400, 40.500, 40.450, 1202
406,  40.500, 40.600, 40.550, 1202
407,  40.600, 40.700, 40.650, 1202
408,  40.700, 40.800, 40.750, 1202
409,  40.800, 40.900, 40.850, 1202
410,  40.900, 41.000, 40.950, 1202
411,  41.000, 41.100, 41.050, 1202
412,  41.100, 41.200, 41.150, 1202
413,  41.200, 41.300, 41.250, 1202
414,  41.300, 41.400, 41.350, 1202
415,  41.400, 41.500, 41.450, 1202
416,  41.500, 41.600, 41.550, 1202
417,  41.600, 41.700, 41.650, 1202
418,  41.700, 41.800, 41.750, 1202
419,  41.800, 41.900, 41.850, 1202
420,  41.900, 42.000, 41.950, 1202
421,  42.000, 42.100, 42.050, 1202
422,  42.100, 42.200, 42.150, 1202
423,  42.200, 42.300, 42.250, 1202
424,  42.300, 42.400, 42.350, 1202
425,  42.400, 42.500, 42.450, 1202
426,  42.500, 42.600, 42.550, 1202
427,  42.600, 42.700, 42.650, 1202
428,  42.700, 42.800, 42.750, 1202
429,  42.800, 42.900, 42.850, 1202
430,  42.900, 43.000, 42.950, 1202
431,  43.000, 43.100, 43.050, 1202
432,  43.100, 43.200, 43.150, 1202
433,  43.200, 43.300, 43.250, 1202
434,  43.300, 43.400, 43.350, 1202
435,  43.400, 43.500, 43.450, 1202
436,  43.500, 43.600, 43.550, 1202
437,  43.600, 43.700, 43.650, 1202
438,  43.700, 43.800, 43.750, 1202
439,  43.800, 43.900, 43.850, 1202
440,  43.900, 44.000, 43.950, 1202
441,  44.000, 44.100, 44.050, 1202
442,  44.100, 44.200, 44.150, 1202
443,  44.200, 44.300, 44.250, 1202
444,  44.300, 44.400, 44.350, 1202
445,  44.400, 44.500, 44.450, 1202
446,  44.500, 44.600, 44.550, 1202
447,  44.600, 44.700, 44.650, 1202
448,  44.700, 44.800, 44.750, 1202
449,  44.800, 44.900, 44.850, 1202
450,  44.900, 45.000, 44.950, 1202
451,  45.000, 45.100, 45.050, 1202
452,  45.100, 45.200, 45.150, 1202
453,  45.200, 45.300, 45.250, 1202
454,  45.300, 45.400, 45.350, 1202
455,  45.400, 45.500, 45.450, 1202
456,  45.500, 45.600, 45.550, 1202
457,  45.600, 45.700, 45.650, 1202
458,  45.700, 45.800, 45.750, 1202
459,  45.800, 45.900, 45.850, 1202
460,  45.900, 46.000, 45.950, 1202
461,  46.000, 46.100, 46.050, 1202
462,  46.100, 46.200, 46.150, 1202
463,  46.200, 46.300, 46.250, 1202
464,  46.300, 46.400, 46.350, 1202
465,  46.400, 46.500, 46.450, 1202
466,  46.500, 46.600, 46.550, 1202
467,  46.600, 46.700, 46.650, 1202
468,  46.700, 46.800, 46.750, 1202
469,  46.800, 46.900, 46.850, 1202
470,  46.900, 47.000, 46.950, 1202
471,  47.000, 47.100, 47.050, 1202
472,  47.100, 47.200, 47.150, 1202
473,  47.200, 47.300, 47.250, 1202
474,  47.300, 47.400, 47.350, 1202
475,  47.400, 47.500, 47.450, 1202
476,  47.500, 47.600, 47.550, 1202
477,  47.600, 47.700, 47.650, 1202
478,  47.700, 47.800, 47.750, 1202
479,  47.800, 47.900, 47.850, 1202
480,  47.900, 48.000, 47.950, 1202
481,  48.000, 48.100, 48.050, 1202
482,  48.100, 48.200, 48.150, 1202
483,  48.200, 48.300, 48.250, 1202
484,  48.300, 48.400, 48.350, 1202
485,  48.400, 48.500, 48.450, 1202
486,  48.500, 48.600, 48.550, 1202
487,  48.600, 48.700, 48.650, 1202
488,  48.700, 48.800, 48.750, 1202
489,  48.800, 48.900, 48.850, 1202
490,  48.900, 49.000, 48.950, 1202
491,  49.000, 49.100, 49.050, 1202
492,  49.100, 49.200, 49.150, 1202
493,  49.200, 49.300, 49.250, 1202
494,  49.300, 49.400, 49.350, 1202
495,  49.400, 49.500, 49.450, 1202
496,  49.500, 49.600, 49.550, 1202
497,  49.600, 49.700, 49.650, 1202
498,  49.700, 49.800, 49.750, 1202
499,  49.800, 49.900, 49.850, 1202
500,  49.900, 50.000, 49.950, 1202
501,  50.000, 50.100, 50.050, 1202
502,  50.100, 50.200, 50.150, 1202
503,  50.200, 50.300, 50.250, 1202
504,  50.300, 50.400, 50.350, 1202
505,  50.400, 50.500, 50.450, 1202
506,  50.500, 50.600, 50.550, 1202
507,  50.600, 50.700, 50.650, 1202
508,  50.700, 50.800, 50.750, 1202
509,  50.800, 50.900, 50.850, 1202
510,  50.900, 51.000, 50.950, 1202
511,  51.000, 51.100, 51.050, 1202
512,  51.100, 51.200, 51.150, 1202
513,  51.200, 51.300, 51.250, 1202
514,  51.300, 51.400, 51.350, 1202
515,  51.400, 51.500, 51.450, 1202
516,  51.500, 51.600, 51.550, 1202
517,  51.600, 51.700, 51.650, 1202
518,  51.700, 51.800, 51.750, 1202
519,  51.800, 51.900, 51.850, 1202
520,  51.900, 52.000, 51.950, 1202
521,  52.000, 52.100, 52.050, 1202
522,  52.100, 52.200, 52.150, 1202
523,  52.200, 52.300, 52.250, 1202
524,  52.300, 52.400, 52.350, 1202
525,  52.400, 52.500, 52.450, 1202
526,  52.500, 52.600, 52.550, 1202
527,  52.600, 52.700, 52.650, 1202
528,  52.700, 52.800, 52.750, 1202
529,  52.800, 52.900, 52.850, 1202
530,  52.900, 53.000, 52.950, 1202
531,  53.000, 53.100, 53.050, 1202
532,  53.100, 53.200, 53.150, 1202
533,  53.200, 53.300, 53.250, 1202
534,  53.300, 53.400, 53.350, 1202
535,  53.400, 53.500, 53.450, 1202
536,  53.500, 53.600, 53.550, 1202
537,  53.600, 53.700, 53.650, 1202
538,  53.700, 53.800, 53.750, 1202
539,  53.800, 53.900, 53.850, 1202
540,  53.900, 54.000, 53.950, 1202
541,  54.000, 54.100, 54.050, 1202
542,  54.100, 54.200, 54.150, 1202
543,  54.200, 54.300, 54.250, 1202
544,  54.300, 54.400, 54.350, 1202
545,  54.400, 54.500, 54.450, 1202
546,  54.500, 54.600, 54.550, 1202
547,  54.600, 54.700, 54.650, 1202
548,  54.700, 54.800, 54.750, 1202
549,  54.800, 54.900, 54.850, 1202
550,  54.900, 55.000, 54.950, 1202
551,  55.000, 55.100, 55.050, 1202
552,  55.100, 55.200, 55.150, 1202
553,  55.200, 55.300, 55.250, 1202
554,  55.300, 55.400, 55.350, 1202
555,  55.400, 55.500, 55.450, 1202
556,  55.500, 55.600, 55.550, 1202
557,  55.600, 55.700, 55.650, 1202
558,  55.700, 55.800, 55.750, 1202
559,  55.800, 55.900, 55.850, 1202
560,  55.900, 56.000, 55.950, 1202
561,  56.000, 56.100, 56.050, 1202
562,  56.100, 56.200, 56.150, 1202
563,  56.200, 56.300, 56.250, 1202
564,  56.300, 56.400, 56.350, 1202
565,  56.400, 56.500, 56.450, 1202
566,  56.500, 56.600, 56.550, 1202
567,  56.600, 56.700, 56.650, 1202
568,  56.700, 56.800, 56.750, 1202
569,  56.800, 56.900, 56.850, 1202
570,  56.900, 57.000, 56.950, 1202
571,  57.000, 57.100, 57.050, 1202
572,  57.100, 57.200, 57.150, 1202
573,  57.200, 57.300, 57.250, 1202
574,  57.300, 57.400, 57.350, 1202
575,  57.400, 57.500, 57.450, 1202
576,  57.500, 57.600, 57.550, 1202
577,  57.600, 57.700, 57.650, 1202
578,  57.700, 57.800, 57.750, 1202
579,  57.800, 57.900, 57.850, 1202
580,  57.900, 58.000, 57.950, 1202
581,  58.000, 58.100, 58.050, 1202
582,  58.100, 58.200, 58.150, 1202
583,  58.200, 58.300, 58.250, 1202
584,  58.300, 58.400, 58.350, 1202
585,  58.400, 58.500, 58.450, 1202
586,  58.500, 58.600, 58.550, 1202
587,  58.600, 58.700, 58.650, 1202
588,  58.700, 58.800, 58.750, 1202
589,  58.800, 58.900, 58.850, 1202
590,  58.900, 59.000, 58.950, 1202
591,  59.000, 59.100, 59.050, 1202
592,  59.100, 59.200, 59.150, 1202
593,  59.200, 59.300, 59.250, 1202
594,  59.300, 59.400, 59.350, 1202
595,  59.400, 59.500, 59.450, 1202
596,  59.500, 59.600, 59.550, 1202
597,  59.600, 59.700, 59.650, 1202
598,  59.700, 59.800, 59.750, 1202
599,  59.800, 59.900, 59.850, 1202
600,  59.900, 60.000, 59.950, 1202
601,  60.000, 60.100, 60.050, 1202
602,  60.100, 60.200, 60.150, 1202
603,  60.200, 60.300, 60.250, 1202
604,  60.300, 60.400, 60.350, 1202
605,  60.400, 60.500, 60.450, 1202
606,  60.500, 60.600, 60.550, 1202
607,  60.600, 60.700, 60.650, 1202
608,  60.700, 60.800, 60.750, 1202
609,  60.800, 60.900, 60.850, 1202
610,  60.900, 61.000, 60.950, 1202
611,  61.000, 61.100, 61.050, 1202
612,  61.100, 61.200, 61.150, 1202
613,  61.200, 61.300, 61.250, 1202
614,  61.300, 61.400, 61.350, 1202
615,  61.400, 61.500, 61.450, 1202
616,  61.500, 61.600, 61.550, 1202
617,  61.600, 61.700, 61.650, 1202
618,  61.700, 61.800, 61.750, 1202
619,  61.800, 61.900, 61.850, 1202
620,  61.900, 62.000, 61.950, 1202
621,  62.000, 62.100, 62.050, 1202
622,  62.100, 62.200, 62.150, 1202
623,  62.200, 62.300, 62.250, 1202
624,  62.300, 62.400, 62.350, 1202
625,  62.400, 62.500, 62.450, 1202
626,  62.500, 62.600, 62.550, 1202
627,  62.600, 62.700, 62.650, 1202
628,  62.700, 62.800, 62.750, 1202
629,  62.800, 62.900, 62.850, 1202
630,  62.900, 63.000, 62.950, 1202
631,  63.000, 63.100, 63.050, 1202
632,  63.100, 63.200, 63.150, 1202
633,  63.200, 63.300, 63.250, 1202
634,  63.300, 63.400, 63.350, 1202
635,  63.400, 63.500, 63.450, 1202
636,  63.500, 63.600, 63.550, 1202
637,  63.600, 63.700, 63.650, 1202
638,  63.700, 63.800, 63.750, 1202
639,  63.800, 63.900, 63.850, 1202
640,  63.900, 64.000, 63.950, 1202
641,  64.000, 64.100, 64.050, 1202
642,  64.100, 64.200, 64.150, 1202
643,  64.200, 64.300, 64.250, 1202
644,  64.300, 64.400, 64.350, 1202
645,  64.400, 64.500, 64.450, 1202
646,  64.500, 64.600, 64.550, 1202
647,  64.600, 64.700, 64.650, 1202
648,  64.700, 64.800, 64.750, 1202
649,  64.800, 64.900, 64.850, 1202
650,  64.900, 65.000, 64.950, 1202
651,  65.000, 65.100, 65.050, 1202
652,  65.100, 65.200, 65.150, 1202
653,  65.200, 65.300, 65.250, 1202
654,  65.300, 65.400, 65.350, 1202
655,  65.400, 65.500, 65.450, 1202
656,  65.500, 65.600, 65.550, 1202
657,  65.600, 65.700, 65.650, 1202
658,  65.700, 65.800, 65.750, 1202
659,  65.800, 65.900, 65.850, 1202
660,  65.900, 66.000, 65.950, 1202
661,  66.000, 66.100, 66.050, 1202
662,  66.100, 66.200, 66.150, 1202
663,  66.200, 66.300, 66.250, 1202
664,  66.300, 66.400, 66.350, 1202
665,  66.400, 66.500, 66.450, 1202
666,  66.500, 66.600, 66.550, 1202
667,  66.600, 66.700, 66.650, 1202
668,  66.700, 66.800, 66.750, 1202
669,  66.800, 66.900, 66.850, 1202
670,  66.900, 67.000, 66.950, 1202
671,  67.000, 67.100, 67.050, 1202
672,  67.100, 67.200, 67.150, 1202
673,  67.200, 67.300, 67.250, 1202
674,  67.300, 67.400, 67.350, 1202
675,  67.400, 67.500, 67.450, 1202
676,  67.500, 67.600, 67.550, 1202
677,  67.600, 67.700, 67.650, 1202
678,  67.700, 67.800, 67.750, 1202
679,  67.800, 67.900, 67.850, 1202
680,  67.900, 68.000, 67.950, 1202
681,  68.000, 68.100, 68.050, 1202
682,  68.100, 68.200, 68.150, 1202
683,  68.200, 68.300, 68.250, 1202
684,  68.300, 68.400, 68.350, 1202
685,  68.400, 68.500, 68.450, 1202
686,  68.500, 68.600, 68.550, 1202
687,  68.600, 68.700, 68.650, 1202
688,  68.700, 68.800, 68.750, 1202
689,  68.800, 68.900, 68.850, 1202
690,  68.900, 69.000, 68.950, 1202
691,  69.000, 69.100, 69.050, 1202
692,  69.100, 69.200, 69.150, 1202
693,  69.200, 69.300, 69.250, 1202
694,  69.300, 69.400, 69.350, 1202
695,  69.400, 69.500, 69.450, 1202
696,  69.500, 69.600, 69.550, 1202
697,  69.600, 69.700, 69.650, 1202
698,  69.700, 69.800, 69.750, 1202
699,  69.800, 69.900, 69.850, 1202
700,  69.900, 70.000, 69.950, 1202
701,  70.000, 70.100, 70.050, 1202
702,  70.100, 70.200, 70.150, 1202
703,  70.200, 70.300, 70.250, 1202
704,  70.300, 70.400, 70.350, 1202
705,  70.400, 70.500, 70.450, 1202
706,  70.500, 70.600, 70.550, 1202
707,  70.600, 70.700, 70.650, 1202
708,  70.700, 70.800, 70.750, 1202
709,  70.800, 70.900, 70.850, 1202
710,  70.900, 71.000, 70.950, 1202
711,  71.000, 71.100, 71.050, 1202
712,  71.100, 71.200, 71.150, 1202
713,  71.200, 71.300, 71.250, 1202
714,  71.300, 71.400, 71.350, 1202
715,  71.400, 71.500, 71.450, 1202
716,  71.500, 71.600, 71.550, 1202
717,  71.600, 71.700, 71.650, 1202
718,  71.700, 71.800, 71.750, 1202
719,  71.800, 71.900, 71.850, 1202
720,  71.900, 72.000, 71.950, 1202
721,  72.000, 72.100, 72.050, 1202
722,  72.100, 72.200, 72.150, 1202
723,  72.200, 72.300, 72.250, 1202
724,  72.300, 72.400, 72.350, 1202
725,  72.400, 72.500, 72.450, 1202
726,  72.500, 72.600, 72.550, 1202
727,  72.600, 72.700, 72.650, 1202
728,  72.700, 72.800, 72.750, 1202
729,  72.800, 72.900, 72.850, 1202
730,  72.900, 73.000, 72.950, 1202
731,  73.000, 73.100, 73.050, 1202
732,  73.100, 73.200, 73.150, 1202
733,  73.200, 73.300, 73.250, 1202
734,  73.300, 73.400, 73.350, 1202
735,  73.400, 73.500, 73.450, 1202
736,  73.500, 73.600, 73.550, 1202
737,  73.600, 73.700, 73.650, 1202
738,  73.700, 73.800, 73.750, 1202
739,  73.800, 73.900, 73.850, 1202
740,  73.900, 74.000, 73.950, 1202
741,  74.000, 74.100, 74.050, 1202
742,  74.100, 74.200, 74.150, 1202
743,  74.200, 74.300, 74.250, 1202
744,  74.300, 74.400, 74.350, 1202
745,  74.400, 74.500, 74.450, 1202
746,  74.500, 74.600, 74.550, 1202
747,  74.600, 74.700, 74.650, 1202
748,  74.700, 74.800, 74.750, 1202
749,  74.800, 74.900, 74.850, 1202
750,  74.900, 75.000, 74.950, 1202
751,  75.000, 75.100, 75.050, 1202
752,  75.100, 75.200, 75.150, 1202
753,  75.200, 75.300, 75.250, 1202
754,  75.300, 75.400, 75.350, 1202
755,  75.400, 75.500, 75.450, 1202
756,  75.500, 75.600, 75.550, 1202
757,  75.600, 75.700, 75.650, 1202
758,  75.700, 75.800, 75.750, 1202
759,  75.800, 75.900, 75.850, 1202
760,  75.900, 76.000, 75.950, 1202
761,  76.000, 76.100, 76.050, 1202
762,  76.100, 76.200, 76.150, 1202
763,  76.200, 76.300, 76.250, 1202
764,  76.300, 76.400, 76.350, 1202
765,  76.400, 76.500, 76.450, 1202
766,  76.500, 76.600, 76.550, 1202
767,  76.600, 76.700, 76.650, 1202
768,  76.700, 76.800, 76.750, 1202
769,  76.800, 76.900, 76.850, 1202
770,  76.900, 77.000, 76.950, 1202
771,  77.000, 77.100, 77.050, 1202
772,  77.100, 77.200, 77.150, 1202
773,  77.200, 77.300, 77.250, 1202
774,  77.300, 77.400, 77.350, 1202
775,  77.400, 77.500, 77.450, 1202
776,  77.500, 77.600, 77.550, 1202
777,  77.600, 77.700, 77.650, 1202
778,  77.700, 77.800, 77.750, 1202
779,  77.800, 77.900, 77.850, 1202
780,  77.900, 78.000, 77.950, 1202
781,  78.000, 78.100, 78.050, 1202
782,  78.100, 78.200, 78.150, 1202
783,  78.200, 78.300, 78.250, 1202
784,  78.300, 78.400, 78.350, 1202
785,  78.400, 78.500, 78.450, 1202
786,  78.500, 78.600, 78.550, 1202
787,  78.600, 78.700, 78.650, 1202
788,  78.700, 78.800, 78.750, 1202
789,  78.800, 78.900, 78.850, 1202
790,  78.900, 79.000, 78.950, 1202
791,  79.000, 79.100, 79.050, 1202
792,  79.100, 79.200, 79.150, 1202
793,  79.200, 79.300, 79.250, 1202
794,  79.300, 79.400, 79.350, 1202
795,  79.400, 79.500, 79.450, 1202
796,  79.500, 79.600, 79.550, 1202
797,  79.600, 79.700, 79.650, 1202
798,  79.700, 79.800, 79.750, 1202
799,  79.800, 79.900, 79.850, 1202
800,  79.900, 80.000, 79.950, 1202
801,  80.000, 80.100, 80.050, 1202
802,  80.100, 80.200, 80.150, 1202
803,  80.200, 80.300, 80.250, 1202
804,  80.300, 80.400, 80.350, 1202
805,  80.400, 80.500, 80.450, 1202
806,  80.500, 80.600, 80.550, 1202
807,  80.600, 80.700, 80.650, 1202
808,  80.700, 80.800, 80.750, 1202
809,  80.800, 80.900, 80.850, 1202
810,  80.900, 81.000, 80.950, 1202
811,  81.000, 81.100, 81.050, 1202
812,  81.100, 81.200, 81.150, 1202
813,  81.200, 81.300, 81.250, 1202
814,  81.300, 81.400, 81.350, 1202
815,  81.400, 81.500, 81.450, 1202
816,  81.500, 81.600, 81.550, 1202
817,  81.600, 81.700, 81.650, 1202
818,  81.700, 81.800, 81.750, 1202
819,  81.800, 81.900, 81.850, 1202
820,  81.900, 82.000, 81.950, 1202
821,  82.000, 82.100, 82.050, 1202
822,  82.100, 82.200, 82.150, 1202
823,  82.200, 82.300, 82.250, 1202
824,  82.300, 82.400, 82.350, 1202
825,  82.400, 82.500, 82.450, 1202
826,  82.500, 82.600, 82.550, 1202
827,  82.600, 82.700, 82.650, 1202
828,  82.700, 82.800, 82.750, 1202
829,  82.800, 82.900, 82.850, 1202
830,  82.900, 83.000, 82.950, 1202
831,  83.000, 83.100, 83.050, 1202
832,  83.100, 83.200, 83.150, 1202
833,  83.200, 83.300, 83.250, 1202
834,  83.300, 83.400, 83.350, 1202
835,  83.400, 83.500, 83.450, 1202
836,  83.500, 83.600, 83.550, 1202
837,  83.600, 83.700, 83.650, 1202
838,  83.700, 83.800, 83.750, 1202
839,  83.800, 83.900, 83.850, 1202
840,  83.900, 84.000, 83.950, 1202
841,  84.000, 84.100, 84.050, 1202
842,  84.100, 84.200, 84.150, 1202
843,  84.200, 84.300, 84.250, 1202
844,  84.300, 84.400, 84.350, 1202
845,  84.400, 84.500, 84.450, 1202
846,  84.500, 84.600, 84.550, 1202
847,  84.600, 84.700, 84.650, 1202
848,  84.700, 84.800, 84.750, 1202
849,  84.800, 84.900, 84.850, 1202
850,  84.900, 85.000, 84.950, 1202
851,  85.000, 85.100, 85.050, 1202
852,  85.100, 85.200, 85.150, 1202
853,  85.200, 85.300, 85.250, 1202
854,  85.300, 85.400, 85.350, 1202
855,  85.400, 85.500, 85.450, 1202
856,  85.500, 85.600, 85.550, 1202
857,  85.600, 85.700, 85.650, 1202
858,  85.700, 85.800, 85.750, 1202
859,  85.800, 85.900, 85.850, 1202
860,  85.900, 86.000, 85.950, 1202
861,  86.000, 86.100, 86.050, 1202
862,  86.100, 86.200, 86.150, 1202
863,  86.200, 86.300, 86.250, 1202
864,  86.300, 86.400, 86.350, 1202
865,  86.400, 86.500, 86.450, 1202
866,  86.500, 86.600, 86.550, 1202
867,  86.600, 86.700, 86.650, 1202
868,  86.700, 86.800, 86.750, 1202
869,  86.800, 86.900, 86.850, 1202
870,  86.900, 87.000, 86.950, 1202
871,  87.000, 87.100, 87.050, 1202
872,  87.100, 87.200, 87.150, 1202
873,  87.200, 87.300, 87.250, 1202
874,  87.300, 87.400, 87.350, 1202
875,  87.400, 87.500, 87.450, 1202
876,  87.500, 87.600, 87.550, 1202
877,  87.600, 87.700, 87.650, 1202
878,  87.700, 87.800, 87.750, 1202
879,  87.800, 87.900, 87.850, 1202
880,  87.900, 88.000, 87.950, 1202
881,  88.000, 88.100, 88.050, 1202
882,  88.100, 88.200, 88.150, 1202
883,  88.200, 88.300, 88.250, 1202
884,  88.300, 88.400, 88.350, 1202
885,  88.400, 88.500, 88.450, 1202
886,  88.500, 88.600, 88.550, 1202
887,  88.600, 88.700, 88.650, 1202
888,  88.700, 88.800, 88.750, 1202
889,  88.800, 88.900, 88.850, 1202
890,  88.900, 89.000, 88.950, 1202
891,  89.000, 89.100, 89.050, 1202
892,  89.100, 89.200, 89.150, 1202
893,  89.200, 89.300, 89.250, 1202
894,  89.300, 89.400, 89.350, 1202
895,  89.400, 89.500, 89.450, 1202
896,  89.500, 89.600, 89.550, 1202
897,  89.600, 89.700, 89.650, 1202
898,  89.700, 89.800, 89.750, 1202
899,  89.800, 89.900, 89.850, 1202
900,  89.900, 90.000, 89.950, 1202
